File Name,File Size,Image Size,File Type Extension,File Access Date,File Modify Date,SHA3 512 Hash,Date
001.jpg,3.7 MB,3456x2304,jpg,2018:06:28 14:42:04+01:00,2018:04:13 15:20:44+01:00,6457a3cdc81580a8cb28b4962daf7380feaad5cee44b52c322300ca55d41edf0be863ec04efbe15139b8d0dcd604c9133cb699996373721ce6149b615b8f307a,2018-06-28 15:27:32
002.jpg,3.3 MB,3456x2304,jpg,2018:06:28 14:42:04+01:00,2018:04:13 15:20:38+01:00,50f89fd01932a5cec62de0a18e44291e683baeee70c2fc8ec9b82fe6bdc5023d5f44e6da21b0c8555c715c72bac86706829075949b41d6593df6b8251f9155f6,2018-06-28 15:27:32
003.jpg,3.3 MB,3456x2304,jpg,2018:06:28 14:42:04+01:00,2018:04:13 15:20:34+01:00,365f7bf0e618b9c988df8644087dcfc3e0f0d0e0dde0e2686fccc9e4ab5b5ce173831b3318f8fe1d932b9747fab644752ff39b07f7c58c85f5b1f5ad42eff46a,2018-06-28 15:27:32
004.jpg,3.2 MB,3456x2304,jpg,2018:06:28 14:42:05+01:00,2018:04:13 15:20:28+01:00,bc5786630d96a5706b62ea438d8d2edc00d3979d613e38fdbd8334b63ebe47d8cd31d8697c321e5b91e80524cd5eadc9f2ce83c4e6603eb4dd10d5d4b599268d,2018-06-28 15:27:32
005.jpg,3.4 MB,3456x2304,jpg,2018:06:28 14:42:05+01:00,2018:04:13 15:20:22+01:00,ae5853049f6582ad5d98bad7ff02ab8b3fc5d0ec99e7ac3eeaafc35282a2db14c9ee8f816fead591b56d9a4d6a99518969430dffa49f860809db87efcec07b34,2018-06-28 15:27:32
006.jpg,4.2 MB,3456x2304,jpg,2018:06:28 14:42:05+01:00,2018:04:13 15:20:18+01:00,ae8b19742aa70af61146e030125b9613a3b93af5b8029183b70844c35c45c73f74629618b8db800696ca186b8279d5a23dd361bc16fd27c0cf0948f9a1dc94d1,2018-06-28 15:27:32
007.jpg,3.8 MB,3456x2304,jpg,2018:06:28 14:42:06+01:00,2018:04:13 15:20:10+01:00,cbaa24c1ab04d52f2ddb134658e090898ccad0e8495611c56d1c7de250cb58b522ef0c5d26d22c88cd0ebdee794c971f01435169e8c7b350d6a1a43708c184c1,2018-06-28 15:27:32
008.jpg,3.6 MB,3456x2304,jpg,2018:06:28 14:42:06+01:00,2018:04:13 15:20:04+01:00,05ce24642137408bab79573c6dbf79ace2af47ecc967cc306556792f4f2bc1f60b24e9bdf5c6488692adccb5eedfe07e7d246f34ea9fb82006b26cdf1c87ae5d,2018-06-28 15:27:32
009.jpg,3.3 MB,3456x2304,jpg,2018:06:28 14:42:06+01:00,2018:04:13 15:19:58+01:00,41e801d8fdbaa3cca54fe1c140d17a1d1158a1da5714b2441a60ed5d37ddfaf355dabfa9cfd9114eec7fdc262b984c160dcdcf581d5fad381368fda7d808aa17,2018-06-28 15:27:32
010.jpg,3.5 MB,3456x2304,jpg,2018:06:28 14:42:06+01:00,2018:04:13 15:19:52+01:00,cf7ef721dc2c192a8ab77e9da24030c948ad08853e2c66747e8b9727e3e9198d3f28c5a3c778052431f1a91d46e02f722d724a07f5ab34363e60d9dbcc5e36c6,2018-06-28 15:27:32
011.jpg,2.5 MB,3456x2304,jpg,2018:06:28 14:42:07+01:00,2018:04:13 15:19:48+01:00,1ce82e6a38a4dabf6e9583eb9b29b8fc693b7c9584c7b5f0ebfa4210a804147459499e235121a22f9fbc5f8bcd7d36c246213f7a37b7c57e0ef66d0b6a329d52,2018-06-28 15:27:32
012.jpg,4.0 MB,3456x2304,jpg,2018:06:28 14:42:07+01:00,2018:04:13 15:19:44+01:00,cf5995e479bf4df8bc1cde90ba8edb89e96e591fe33a3007aaaf7505a40d82df40f0bb913e5812a7f819637bef6636d21e8fbab24fd8b326d775346bc38c398f,2018-06-28 15:27:32
013.jpg,4.2 MB,3456x2304,jpg,2018:06:28 14:42:07+01:00,2018:04:13 15:19:36+01:00,c9bcd7ded253cb287b5b2ad370077bee3d89a97768b48d8b341cd03a1981aa5e7d85c8437c20c606553ef1cae7b7a85986fa328a9e35e5614454f3c79530fb19,2018-06-28 15:27:32
014.jpg,3.9 MB,3456x2304,jpg,2018:06:28 14:42:07+01:00,2018:04:13 15:19:30+01:00,0211694358c8cd34b8eb14a01a0945e5b77cca5e4a58fae8aa53bf0f0d9d4b0573ac8b08799be4359eb5d32dd9140075c3422be5b212d47e29f39b592bf6fb03,2018-06-28 15:27:32
015.jpg,4.2 MB,3456x2304,jpg,2018:06:28 14:42:08+01:00,2018:04:13 15:19:24+01:00,b9d6ea6a60ede4f3d8ac19acb6f0673332860931049da774d70b81eb8855e2029049f322e268f32ced02809a5deeb6103eb8bfe6d6e3af1b105cca7e6f89c5ca,2018-06-28 15:27:32
016.jpg,3.9 MB,3456x2304,jpg,2018:06:28 14:42:08+01:00,2018:04:13 15:19:18+01:00,f458cde74d961640f0bdbd16d7e4231c7d875f936ff237ef864fec4182bcc09f5ab0f83183d52c7ff1c5940eaf881a537bf06a030383d6ccee1f73c3e0eaae3b,2018-06-28 15:27:32
017.jpg,4.3 MB,3456x2304,jpg,2018:06:28 14:42:08+01:00,2018:04:13 15:19:12+01:00,b8e01e9d01e4605c886daed658ee334123ac80038018c31f55cfc90e6a9608007d5202d2a68e2c06dc8a0b0f6575b7a57a68ae80706c0dff4459619ddfe29f0c,2018-06-28 15:27:32
018.jpg,4.9 MB,3456x2304,jpg,2018:06:28 14:42:09+01:00,2018:04:13 15:19:06+01:00,b0b780d44aab2aa9baa175065417facb423e772f23f92b6a01d8ec25c70bccb9ea883abcc9f3db6ae0a75e1d0ff4d3067e91c7375c8a3b1bec8ffe438139a89e,2018-06-28 15:27:32
019.jpg,4.3 MB,3456x2304,jpg,2018:06:28 14:42:09+01:00,2018:04:13 15:18:58+01:00,7bad7535a812b7371b191571206ffe75da8423d844a7432c639a96f845ba2493fad1266ac3cc2db5eb0feed4c9f0444379d85eeebb63cf31231534d3f199ffc6,2018-06-28 15:27:32
020.jpg,5.0 MB,3456x2304,jpg,2018:06:28 14:42:10+01:00,2018:04:13 15:18:52+01:00,ea4d419034ae75dec76484f1cdf3d9a9414872d9f4f69cad405002ec555750b90e695c9dd85e6b08c07dc4f0ca891c83da758c1bf6128f1b7903c7cbab05c6f5,2018-06-28 15:27:32
021.jpg,3.7 MB,3456x2304,jpg,2018:06:28 14:42:10+01:00,2018:04:13 15:18:46+01:00,6ff0e6528bf8d3ca7c176a97573d00050d3504b8d55c44245dd59bc55c6a75271ade40c9e4a614ef06f0df5ac69ef9333b65e646fefcc32ede32fe72f288cf59,2018-06-28 15:27:32
022.jpg,3.4 MB,3456x2304,jpg,2018:06:28 14:42:10+01:00,2018:04:13 15:18:40+01:00,ee3d17e0c25a96ee09948c6e5ea77a030a597f1c5bcb01798176a0e382bba65ca49c1c359db5ef85395abdadeb383ed91f22917b719eb729796a626584fa1956,2018-06-28 15:27:32
023.jpg,3.3 MB,3456x2304,jpg,2018:06:28 14:42:10+01:00,2018:04:13 15:18:34+01:00,90ccccb03b53e48737d00205c92f167a75c7c5df439b44082bf094ab8648d902c6db678d0f02c862b44b8df34da909175c2750daa44643184d9d9db097284d88,2018-06-28 15:27:32
024.jpg,3.8 MB,3456x2304,jpg,2018:06:28 14:42:11+01:00,2018:04:13 15:18:28+01:00,eabe0a614387872090640ff877362ddd76e54490ba75730e121ed578382a4d1703e90c7ea638f0960ff468a323e96970b955b7a619fabdba263d4a438e344042,2018-06-28 15:27:32
025.jpg,3.5 MB,3456x2304,jpg,2018:06:28 14:42:11+01:00,2018:04:13 15:18:22+01:00,4fa76fffe35c0bab9d693c23123769d4b771324045e87aac6ebc5877fe21dd1d9a1154b4816029f622bfdb1045ba0c1e95b7e493ebc2e943675e3405c6a7b9f7,2018-06-28 15:27:32
026.jpg,3.6 MB,3456x2304,jpg,2018:06:28 14:42:11+01:00,2018:04:13 15:18:18+01:00,0147c75cc573b7ee1c9fd06e13ea9b8281812dadd81b23227fb056c6760b7db94149bf1ce64d5586601aea80250ec51f6f449ddb8b713d93aa0e05dd4b024355,2018-06-28 15:27:32
027.jpg,3.4 MB,3456x2304,jpg,2018:06:28 14:42:12+01:00,2018:04:13 15:18:12+01:00,89aa3a0f043a32846f800d49f0b3551791b1870e8bab3ceb46baf953418e545774c953169a4de38a79d7c2a9781ab106f3b1b69241890abd2727b80f2993568f,2018-06-28 15:27:32
028.jpg,3.8 MB,3456x2304,jpg,2018:06:28 14:42:12+01:00,2018:04:13 15:18:06+01:00,c46633df5e69e748f8e7524dbc27ec5033de9ef8c711d0a33f93b664001d87ceb3f7dd8672a8c38b318be87e2aa113e825ea4a0cbfb1d2531b4fdac84432f1a4,2018-06-28 15:27:32
029.jpg,4.3 MB,3456x2304,jpg,2018:06:28 14:42:12+01:00,2018:04:13 15:18:00+01:00,3827cacf1da250008849f3d3b9dc27f1131ae88f153032af30f34942cd93edfa9affb15848ec61eac0881b7bbe221464cc1d4ef4bdaf537d3e45b89a314bf192,2018-06-28 15:27:32
030.jpg,3.6 MB,3456x2304,jpg,2018:06:28 14:42:13+01:00,2018:04:13 15:17:54+01:00,452297c2b0acd75684b18cc6ce6f20759a76d44beefd670d365b20c57291390814307d72e8579dbfca2e54226f39e7dc0c0d228834c7fb6686615ecbdff3b883,2018-06-28 15:27:32
031.jpg,4.4 MB,3456x2304,jpg,2018:06:28 14:42:13+01:00,2018:04:13 15:17:48+01:00,07e572e0798f409517ff256bc7178c89d372ef3514f05b63ee9cdf1113b29442d672e461ae52bc25d4ca9493af16437bba50647820a4c6d0797db6a4b3c27514,2018-06-28 15:27:32
032.jpg,4.0 MB,3456x2304,jpg,2018:06:28 14:42:13+01:00,2018:04:13 15:17:40+01:00,170b6c0303325299ae3228cbf327685a39bdd33f3bd1df41e65e9d7200b6f61031fd122a34b9805d6b7df3b931d46dadbe68a1744c3601f49c8a9b99cfe44a65,2018-06-28 15:27:32
033.jpg,4.1 MB,3456x2304,jpg,2018:06:28 14:42:14+01:00,2018:04:13 15:17:36+01:00,c87120198cb5b707fbf91beb17e3b313432d67e5b09da50d7d4323a1096dc012fac575dd08698e66b3eb86227bd443301ba8aa1adc6a2db8161f297929df8f1c,2018-06-28 15:27:32
034.jpg,3.5 MB,3456x2304,jpg,2018:06:28 14:42:14+01:00,2018:04:13 15:17:28+01:00,a89516824a808db50d209c6289ec4d237c77b9527c90873070ff8f85ddc62b5b2c99c26ec33ff2bfe54490d5a3176ae3a7e8dbe0685c7fec5bdd39b1714e0ffc,2018-06-28 15:27:32
035.jpg,4.3 MB,3456x2304,jpg,2018:06:28 14:42:14+01:00,2018:04:13 15:17:22+01:00,7e0970e131f8d5c3488a3590eedcab5f32efde46a7d0c87c1a944cc19dc971bebc6769229b3dc199644c7c6b0405614852c9a0c63bc7192bfb17b77e31d4c48f,2018-06-28 15:27:32
036.jpg,4.2 MB,3456x2304,jpg,2018:06:28 14:42:14+01:00,2018:04:13 15:17:16+01:00,a6b7043f3079b772fc743958bd6e898dd15757a8f64f3e997c688799089afb2af1a9ffa950ecbe6ff7ee68fa576c41eec6ce65477addc9999779d28a3630803d,2018-06-28 15:27:32
037.jpg,4.2 MB,3456x2304,jpg,2018:06:28 14:42:15+01:00,2018:04:13 15:17:10+01:00,f161667832bd5aab7ceabf06c324d90399bade0c4f9eec257fc71bcbc6a2260fda5070096614633529f43ee04f49bd2397a6c3350aa3c512715951898c892c80,2018-06-28 15:27:32
038.jpg,4.2 MB,3456x2304,jpg,2018:06:28 14:42:15+01:00,2018:04:13 15:17:02+01:00,a8349d0b165a8a5e5256e96588fced1453ad5269c010b316ee9483619f85dec29d12d8fcd78bdb1d530130272ab5d0e5c1cde1b7f5101d9730c6aca4ff5d4e35,2018-06-28 15:27:32
039.jpg,4.1 MB,3456x2304,jpg,2018:06:28 14:42:16+01:00,2018:04:13 15:16:54+01:00,43e754d250e16653185b8bf85ad0a641c49b7874e4e8220201c3e122c7d06426cd72cd48624a60b0cdc48ff5abc7ec91c4731e0ac844eb418a0219b72135199e,2018-06-28 15:27:32
040.jpg,3.0 MB,3456x2304,jpg,2018:06:28 14:42:16+01:00,2018:04:13 15:16:48+01:00,fc2d918881832ab8f2ba0426f06fb6b59a65f0f635c914b7bbf59f405b2a692d40a509c6d5ce3f5efee8e5de489d42bd2a219e00fbd19cf76f7f11a7c858c419,2018-06-28 15:27:32
041.jpg,2.6 MB,3456x2304,jpg,2018:06:28 14:42:16+01:00,2018:04:13 15:16:44+01:00,f9d567d8518e4ec04e8274069feb0e88a4a49cd1b5774426f429099660ed2f46caf838a7ef23f71c5d3c60e996765981f05bdc9d44c214044f37061be467e5bc,2018-06-28 15:27:32
042.jpg,3.2 MB,3456x2304,jpg,2018:06:28 14:42:16+01:00,2018:04:13 15:16:38+01:00,205d9263bf1a38e37744d54fe27061e9deb5e83ec8c0c7991b8dc60daa52d57ffda0ec7c78eab70b930f252af5cbce71a40e3f30094297b6ec26bd58d85f2123,2018-06-28 15:27:32
043.jpg,2.9 MB,3456x2304,jpg,2018:06:28 14:42:17+01:00,2018:04:13 15:16:34+01:00,d644ed7a91c8d3753ef65c81d3349eeedb1da4e7ef2fb6f06ba051087e4ed73806efdcbf0ddd0bea485f8522f63353f15da4433cd1aab97202d587ff1ab69d15,2018-06-28 15:27:32
044.jpg,3.9 MB,3456x2304,jpg,2018:06:28 14:42:17+01:00,2018:04:13 15:16:28+01:00,47e5a611b20604ff5aff1d5ded0801ea7667bd32e5a7334f7a8889f9382dba65f80d896bb1294627b98bbf3135886bf60f6288b97a9068bbb1ab312a0afc20e5,2018-06-28 15:27:32
045.jpg,5.3 MB,3456x2304,jpg,2018:06:28 14:42:17+01:00,2018:04:13 15:16:22+01:00,2915f6af395e57aeda6749b656b8d3294f6f16746503a10a37a4ff1d502ff6fc4853b345edca213219f36bf4096bf7e0686bcffd500f758fac644b43e128af89,2018-06-28 15:27:32
046.jpg,4.3 MB,3456x2304,jpg,2018:06:28 14:42:18+01:00,2018:04:13 15:16:14+01:00,a413888572271196bc5bb5fec6ca6deeccf4e0bb43612068b105b0738893d4b15a7c2197db0a3fcbb1c37498df7b529ab27a025037e6b99e2e51cacae9fecc9e,2018-06-28 15:27:32
047.jpg,4.1 MB,3456x2304,jpg,2018:06:28 14:42:18+01:00,2018:04:13 15:16:08+01:00,ed5370d3211c39e1d0118fc2da97b5db8aaedfa3e0772eabef3402b732f179ebda5228f3e5b2db84fa8e484997398c34cb1d20d025e4f9e1befe3e7ceb5b8294,2018-06-28 15:27:32
048.jpg,4.4 MB,3456x2304,jpg,2018:06:28 14:42:18+01:00,2018:04:13 15:16:02+01:00,055030dafbe336b4af5c19b1e3513986896fe1e17f4cba4828604f936c046cc1eb8454ce4d9099dac8cd36ffc5754d49a5c9cbe303ccb452123ee4db998da3a4,2018-06-28 15:27:32
049.jpg,4.4 MB,3456x2304,jpg,2018:06:28 14:42:19+01:00,2018:04:13 15:15:54+01:00,33f94c5d0eef21f363b4605bc1edf0c58a9ecb89776a49065d0fed6da46014f1e0eace16ed917e826e875647dfda063103576788e8d4ab9e5aadc91e74c96e4e,2018-06-28 15:27:32
050.jpg,4.1 MB,3456x2304,jpg,2018:06:28 14:42:19+01:00,2018:04:13 15:15:48+01:00,fa3c4ef33a77ddbe034819c78a4a803271e08ed5d2fc1b9d4acb8289ad9fdd3701bf5da29c147c38ed8a91829972886ce6bcbbce3b9895f1163eb68c56191295,2018-06-28 15:27:32
051.jpg,3.2 MB,3456x2304,jpg,2018:06:28 14:42:19+01:00,2018:04:13 15:15:42+01:00,0f2e11f02d3fcdf9e6778efad1fde8cbc5e57b300076619658d40a6636795953cb10976d3d79ae82f9e15e9241a7a2e2900d9216af51c4216a1cc7b70b4e9770,2018-06-28 15:27:32
052.jpg,3.0 MB,3456x2304,jpg,2018:06:28 14:42:20+01:00,2018:04:13 15:15:36+01:00,f0823ee68cffe977814f6993359cd8fb13e4d33619b386c2b9793a11d77bdf3b92574656595a356a94ad8b67c41608524577f74d78371c1cedbef0b4f43569cd,2018-06-28 15:27:32
053.jpg,2.9 MB,3456x2304,jpg,2018:06:28 14:42:20+01:00,2018:04:13 15:15:32+01:00,92badd06af9c792b58e96c09e13a9803e9fa86ccf81d1a34cd691829263145686f8770988d1140ef9c8c805f699f6ef5f90a784288d286cf9e39be86e7f63ace,2018-06-28 15:27:32
054.jpg,3.6 MB,3456x2304,jpg,2018:06:28 14:42:20+01:00,2018:04:13 15:15:26+01:00,19a0a9e69997ac76ce2d426288e94ffcdf39f958711b21bb589f293439eab3e26eb1945b07818ce943fde5a6ba86ec39f6f90a113f278ccf016311e260f4add5,2018-06-28 15:27:32
055.jpg,3.3 MB,3456x2304,jpg,2018:06:28 14:42:20+01:00,2018:04:13 15:15:20+01:00,59c1e9d0919238f7c0a83400f0dfdfd491a5092137d34fbcb7f76a3192f4fac5b2a20d2a94ba8ac6543ef6a89428936d9133db2e251c7cc6e56400c01aa4386c,2018-06-28 15:27:32
056.jpg,3.4 MB,3456x2304,jpg,2018:06:28 14:42:21+01:00,2018:04:13 15:15:14+01:00,d5c9f09d01b3eda88421a9bf579c68adb313f752eba8863979433f0d8346791a014e38bdecb1f9f5b6fa3628ab1afabf8b17b7d3ccad32e454a9c8a7fcb77cf1,2018-06-28 15:27:32
057.jpg,3.7 MB,3456x2304,jpg,2018:06:28 14:42:21+01:00,2018:04:13 15:15:10+01:00,36f8a3bcf621e414ffdea80cdec2796b29eadc001b3f20ada013fe4f673e710757626d5cd091dfa4fd8674841237aef331b4f03de8a82b865a158e91cc276b25,2018-06-28 15:27:32
058.jpg,4.3 MB,3456x2304,jpg,2018:06:28 14:42:21+01:00,2018:04:13 15:15:04+01:00,007f831d229a603643c1481440e47457914360e654c3daded41130015d532abebab3cab544d442d154f0b4e0742dc9101351cc4c1b708b28debde3370f0ae2b3,2018-06-28 15:27:32
059.jpg,3.5 MB,3456x2304,jpg,2018:06:28 14:42:22+01:00,2018:04:13 15:14:56+01:00,8588452f6c7c37ea8ea4c2474cee4e6b0e8df4484c9f2a10af539af196118f884669c4ae480fdd6c144e6dd1676ff5e8bb1b9e3f76bff0376b10104963f842bf,2018-06-28 15:27:32
060.jpg,3.9 MB,3456x2304,jpg,2018:06:28 14:42:22+01:00,2018:04:13 15:14:46+01:00,9649abd435eda865b2e9ab829e4206248dc4c380dee73115e1a2fb203764b30a4c47cac81f695832cfeb4c501182d8c31a4f5ba2cac6a3296cd388f56a070b44,2018-06-28 15:27:32
061.jpg,4.0 MB,3456x2304,jpg,2018:06:28 14:42:22+01:00,2018:04:13 15:14:42+01:00,af84814ddd652167fb54a8e61d2508165c721446edf04f5c06f02afb50affae112fe106b72d70a54362b27cf653c43d76528b8baf9eb1556467caa38b28907b3,2018-06-28 15:27:32
062.jpg,3.7 MB,3456x2304,jpg,2018:06:28 14:42:23+01:00,2018:04:13 15:14:34+01:00,77427b98251522a6492eae857984bfa6a592cb0e4bf21f9dba8bd005aad5de221d7ae8a2ab390a8f6099851d39c2edae90b96ebb42a8553f9a233aeb27c80968,2018-06-28 15:27:32
063.jpg,3.4 MB,3456x2304,jpg,2018:06:28 14:42:23+01:00,2018:04:13 15:14:28+01:00,902e5f92a739494453b3423ae502d092911d4c29c27eb4ccd0566f41913ffa7b3c33592c7fd6862f8216fe4f7df9d6a24bd63f40cd213013929cebf8c5d4a397,2018-06-28 15:27:32
064.jpg,3.8 MB,3456x2304,jpg,2018:06:28 14:42:23+01:00,2018:04:13 15:14:22+01:00,75048cf9375003669f48d44251951604f3d328e36f4458458d0ae60c4a14b69249f7147b7d3a5121ec9df211f5a3dab55c4cc086354b90362b7d2dfe2a11e879,2018-06-28 15:27:32
065.jpg,3.5 MB,3456x2304,jpg,2018:06:28 14:42:23+01:00,2018:04:13 15:14:14+01:00,f725e556af9c507e4973f49f76373a34b038879e1654246ff7f73876111298ab9f4155690a41030e64143572ea884dbed18093b23f77bceea8d5e23c0a7dcca2,2018-06-28 15:27:32
066.jpg,3.6 MB,3456x2304,jpg,2018:06:28 14:42:24+01:00,2018:04:13 15:14:10+01:00,217ff17de4838a7e0c2b4dcdded0a6c8afc0861b7cc7253a22e1dc8f2c058bf2dab8b7f124d4e07ab121560f8c2ff502af23060cf0e878e6696fa06b9a55b454,2018-06-28 15:27:32
067.jpg,4.0 MB,3456x2304,jpg,2018:06:28 14:42:24+01:00,2018:04:13 15:14:04+01:00,407b963fa115cd553837cba6886e132deb93b02d6d613bf307048a663a7af167d4bcdeeea0b052eabb949c18221a4583fd3ab2727a4d041dcd7470b29a7324a4,2018-06-28 15:27:32
068.jpg,4.4 MB,3456x2304,jpg,2018:06:28 14:42:24+01:00,2018:04:13 15:13:56+01:00,f1403ca584d453a75c91a6977511c12d3573bb491a3c30b6c1f5a648a53c77c5e2c70059ca5daeeb6c7557abb68482c8c02bc8fa413aaaa39e2be065f0d80539,2018-06-28 15:27:32
069.jpg,3.5 MB,3456x2304,jpg,2018:06:28 14:42:25+01:00,2018:04:13 15:13:50+01:00,c354d9a45b8a812dcbe1f62b88963f41828c6e6f057920898bdc6c5bfc6dd8a1f44eb2d033b0a55f29929b07b427956d3f5a069eb9c06036eab705d725793647,2018-06-28 15:27:32
070.jpg,4.5 MB,3456x2304,jpg,2018:06:28 14:42:25+01:00,2018:04:13 15:13:44+01:00,b391955dff9d7e783d45dad2f0bad43062b40ac0a15b20a8b4618ec6cbe4f589acb530c03c4bbcea5d898256a6ad1b8c9ea6f1bebc06cb363e27f2c8e4c9595c,2018-06-28 15:27:32
071.jpg,4.2 MB,3456x2304,jpg,2018:06:28 14:42:25+01:00,2018:04:13 15:13:36+01:00,fcf8f7f2df2d8990c2ec040ecb8e905084503d23ba716aa85372645c3c6519923630d86c342a299625c8a29f134d9cb2f5649350f57dc05bc64a89518d108787,2018-06-28 15:27:32
072.jpg,2.5 MB,3456x2304,jpg,2018:06:28 14:42:26+01:00,2018:04:13 15:13:30+01:00,9b0178860faee181ec7479745e0e551b99f56a8a399b19bb3c2f3b59961ca8a2939d17ab5bb373cec4312e1d2caefa7ed3fa05004fca47156ddc8cf092213aae,2018-06-28 15:27:32
073.jpg,3.6 MB,3456x2304,jpg,2018:06:28 14:42:26+01:00,2018:04:13 15:13:26+01:00,c36563ccf3ecc7e1a60d3b27c6b4717b4ed44850aef74124e9063efd4ccafaa1c21963d66c02d9667ef3a424540202d04c658575bd078e6368af8073be332d4a,2018-06-28 15:27:32
074.jpg,3.4 MB,3456x2304,jpg,2018:06:28 14:42:26+01:00,2018:04:13 15:13:20+01:00,a6e1323dbc4582cf63df84d8499ca8e2a7144b004c0969744edb3edc5dd3f4e80d033cf1c30410fc8606b8715c697014902e9b2579a69cdea644cde96dd2b63f,2018-06-28 15:27:32
075.jpg,4.4 MB,3456x2304,jpg,2018:06:28 14:42:26+01:00,2018:04:13 15:13:14+01:00,faa4970925ab628be56d9cdf6c55a327fde9e2220533d8ea4f6832496a7a0f2c7a47698484a9b7ced0fdead5f79d434a4e480c2ea29bbab3699dd7f3bc6e7cda,2018-06-28 15:27:32
076.jpg,4.0 MB,3456x2304,jpg,2018:06:28 14:42:27+01:00,2018:04:13 15:13:06+01:00,7e9a9813ee035352fa11dd69115c9ffd801d199176b9dd8431c49d81332870c3135156e5f3e78c986d3e17a46afbd1f068a859a6a92d1d92c09c2c337f2eea6d,2018-06-28 15:27:32
077.jpg,3.6 MB,3456x2304,jpg,2018:06:28 14:42:27+01:00,2018:04:13 15:13:00+01:00,b4b0e49b9f8444c7510b6c3186bde4b7e06deb61d618a581a59f8e5ec333f42de3f85c87788ccd5eaa5ae1c253f9d5e1c23fbabad9bda3c5b6b6d0b681f6fbe3,2018-06-28 15:27:32
078.jpg,4.2 MB,3456x2304,jpg,2018:06:28 14:42:27+01:00,2018:04:13 15:12:54+01:00,ba7d5f32ee40b71834a2a26fc79a82b2e20feca60f2990c647b8f8553c32e5b2280b4338d8a1c89e22c48dc05ab7b5813aa64779d7b7aab6533fefe5ec832baa,2018-06-28 15:27:32
079.jpg,4.5 MB,3456x2304,jpg,2018:06:28 14:42:28+01:00,2018:04:13 15:12:48+01:00,81370ba55e54c473095202221ebdaa381ff8f948a6bd280e0f6ce55b369387886d984e07b32cec159635cf06e50034b2e7024c18895587db04685ab1ecddd190,2018-06-28 15:27:32
080.jpg,4.2 MB,3456x2304,jpg,2018:06:28 14:42:28+01:00,2018:04:13 15:12:40+01:00,c5a560cd4d1b99243fb47fdfbd61863ab2781e05e5637d890897d52b8b072518c69604b572f68e5ab67b82377175213da54c2c0e4461ddf1124dddc4d76314df,2018-06-28 15:27:32
081.jpg,2.9 MB,3456x2304,jpg,2018:06:28 14:42:28+01:00,2018:04:13 15:12:34+01:00,145ad0304690385b7a955890a0267eb231eb3f8ebfc946c79a256ee2ea669812937f64494067644eda2768666bae95fab88f427c19ca7f78fb1ad97976ccb8c0,2018-06-28 15:27:32
082.jpg,4.6 MB,3456x2304,jpg,2018:06:28 14:42:29+01:00,2018:04:13 15:12:28+01:00,cc294bb16199d0306b2ca9bd752e6d01f8aa7c13a00456245eccf4600f702f9610902896940312ab5117bd190b04dcde22f315dd33c0654438fe1019db77aa88,2018-06-28 15:27:32
083.jpg,2.7 MB,3456x2304,jpg,2018:06:28 14:42:29+01:00,2018:04:13 15:12:22+01:00,595718df95578b4b6bc6b379db77030d7607958a8c98a3ff37c351868002babc5bb8378255b2f674dd85a1d5352d5ea3d3d06ba839c99892478e5800ce347863,2018-06-28 15:27:32
084.jpg,3.8 MB,3456x2304,jpg,2018:06:28 14:42:29+01:00,2018:04:13 15:12:16+01:00,8bf1ed383d6787f47f1815afd2c5efc59c200003d456d122eefb4c1b849487e45b4826994bd465e6715f0bcf8e3d3f9230c84abee4c9fd232ffec27be0234dea,2018-06-28 15:27:32
085.jpg,3.4 MB,3456x2304,jpg,2018:06:28 14:42:29+01:00,2018:04:13 15:12:10+01:00,3c9949b55d30d0f8a8a3ff334121184ec446deeede644e9dacecdc7ca6f87aa27d37f9af005cbe81ca839506b42dcf6306d52874d78a382e7e12457ff28b44cd,2018-06-28 15:27:32
086.jpg,3.4 MB,3456x2304,jpg,2018:06:28 14:42:30+01:00,2018:04:13 15:12:04+01:00,67dd7ae354cc45a91d13a48c4d942f12a0203a8ad664cfbcf394a4b117ac8dddbd55a4f5a40b28ff7ed99873967d8e6d7cd8848391dca5ec0890fcae2ac6af0f,2018-06-28 15:27:32
087.jpg,3.6 MB,3456x2304,jpg,2018:06:28 14:42:30+01:00,2018:04:13 15:11:58+01:00,dd67dca26ace84d55f5e4019471f40e7126ff8400fe99c6c2ee354a33b738c10a49bc182c63cc4382af749b4a48ab227f2e69415d7e324db450178708f94ed49,2018-06-28 15:27:32
088.jpg,5.1 MB,3456x2304,jpg,2018:06:28 14:42:30+01:00,2018:04:13 15:11:52+01:00,a1efd2e88972b84e55e43a68b61beaf2456c3a7cd87bc395330f4727e3cca42df4464c0f1b3d5a9708d099195237e79139aa9a56f0057bf5f0ede7eda43bf261,2018-06-28 15:27:32
089.jpg,3.7 MB,3456x2304,jpg,2018:06:28 14:42:31+01:00,2018:04:13 15:11:46+01:00,4305f069f93c48c53293079f3924679a02dddd418ca94d8d295d159bcd3f922eba0ec188e481e02f7a080b53420334b6e8aa752e2d4d34e9a4ccd1d33adca230,2018-06-28 15:27:32
090.jpg,4.4 MB,3456x2304,jpg,2018:06:28 14:42:31+01:00,2018:04:13 15:11:40+01:00,7be51137c7e6f3ef50ebf46325cb38d8a648445bca4f4b547a69ef183532e9c6d231fa8e50b3df7cbf37f5e5956fac0b898e17b954caa0754668d5542ac0eccb,2018-06-28 15:27:32
091.jpg,3.7 MB,3456x2304,jpg,2018:06:28 14:42:31+01:00,2018:04:13 15:11:32+01:00,0a37d1617eb0bd7c3e49425e951d45fd66512d340d114616d8fc9475270cb244f4d8ba4b5037e93bde0f0c6f47bbafadbbad93adbe5f634b2486b01c3795e37b,2018-06-28 15:27:32
092.jpg,4.0 MB,3456x2304,jpg,2018:06:28 14:42:32+01:00,2018:04:13 15:11:28+01:00,f999d8caf85592b4e8ec2fc23f01fb946535749ee6ef70a5f780c9101b3e0a542fe5ec27af6f32767a8d7d52996a24c157751f01a0266bdaaf19f602b0bc4c89,2018-06-28 15:27:32
093.jpg,4.2 MB,3456x2304,jpg,2018:06:28 14:42:32+01:00,2018:04:13 15:11:20+01:00,8ae54820f31c7807decba60ccea357beca7e7b4d9cb35538dbaa15bcdcf3e234556024a35ea052d036ba48dffad3a69ef3f2fe50805053f61ae142b615887ce9,2018-06-28 15:27:32
094.jpg,4.3 MB,3456x2304,jpg,2018:06:28 14:42:32+01:00,2018:04:13 15:11:14+01:00,0f66cf83f8b49cdf527e94a192f423d711b4549015f2b5bdcd6321ec2d88738392837daa8b5202401f3a456ff7f98cdf06f3e2525090d664f6bcbe90f5a1399f,2018-06-28 15:27:32
095.jpg,2.7 MB,3456x2304,jpg,2018:06:28 14:42:33+01:00,2018:04:13 15:11:08+01:00,d22f798487e5b76c6157cf60afa1f0b3fceaf97af3c3bd0a91740c4d11560c8be06a6c65ca9be012159fd13bedd7e3d671c01c0a5f047566cd7e1785da54d349,2018-06-28 15:27:32
096.jpg,2.7 MB,3456x2304,jpg,2018:06:28 14:42:33+01:00,2018:04:13 15:11:02+01:00,37468a6ebcb2836fe7c508dd0f76a48a71a317d0cf8917ff9922dfed0d089b17d2766282be8b43ec690bb8676067993b499d996a516663828f933198cf66901e,2018-06-28 15:27:32
097.jpg,2.7 MB,3456x2304,jpg,2018:06:28 14:42:33+01:00,2018:04:13 15:10:58+01:00,d2908c7ae1ff6836888c201d181496d539a328cf25e4151daa3e54d24bb3fbca71d0febdbcfbbbabf3bd4eb08d6c400c08025eef651d45cb11fc8ab4c341af17,2018-06-28 15:27:32
098.jpg,3.5 MB,3456x2304,jpg,2018:06:28 14:42:33+01:00,2018:04:13 15:10:52+01:00,2c641b0f35460a14e8ccb29327feb3ddff27f66e4e36c21fa6f4f48c17f64e42cde278783d9266baf875b821f79e775b2dab1700cd7ac06ba122f286ca29c390,2018-06-28 15:27:32
099.jpg,4.6 MB,4032x3024,jpg,2018:06:28 14:42:34+01:00,2018:04:13 15:10:46+01:00,7fec2329442e6b9916d98d2ac18b366a7383ceae6c115c0ad4148f1cc59fb6c4e1af2de061a9897f306f5179b125b2c61852116640b3a18ec7133eea14018bef,2018-06-28 15:27:32
100.jpg,5.4 MB,4032x3024,jpg,2018:06:28 14:42:34+01:00,2018:04:13 15:10:40+01:00,bcf3f0e4e500923f4680783f1fa97e0ba1f59e6a8a1aa20f90f7382839fd2e12e18b336c22d514021d6fd3d7d7db7ac583a2f0af02a97c5ba7c3d1741bbeaf7b,2018-06-28 15:27:32
Fake1.jpg,3.7 MB,3456x2304,jpg,2018:06:28 14:42:34+01:00,2018:04:13 15:30:48+01:00,130426abf08a9644daf6b4f1392491688920247995d5ba14b0ea5f5eae0fcb725ac75fa1aff2bd05254dcc0f9f96525de21d141a1a83eeade03350ca79e5a7ba,2018-06-28 15:27:32
Fake2.jpg,3.5 MB,3456x2304,jpg,2018:06:28 14:42:34+01:00,2018:04:13 15:28:22+01:00,790691fc1762f844adc5310ae240dfdc961af129bc39234939eee1fea6b28b855c9ecea4e5a37173427cafc7ddb5ce12a1d2d18068990bd802b75978bfd83b18,2018-06-28 15:27:32
Fake3.jpg,4.4 MB,3456x2304,jpg,2018:06:28 14:42:35+01:00,2018:04:13 15:24:04+01:00,88940720251ceca0987af4fd3bf3f80277af0724fa327a39e4599b150c8c0832f929e392838c0a03f9097a3fc75eaf7d0c12d18976192ce0a5ad5f7497865f50,2018-06-28 15:27:32
