Filename,file type,file size,file modify date,file access date,dimensions,sha1 Hash
compromised_banner_mcrypt.jpg,JPEG,5.4 MB,2019:06:04 07:34:32-07:00,2019:06:23 09:39:03-07:00,4032x3024,a06a0a89b823524691aa5fdc621e23a6a11f889d
how-to-become-a-hacker-735x400.jpg,JPEG,87 kB,2019:06:04 07:34:32-07:00,2019:06:23 09:39:03-07:00,735x400,c87f558b6128c42dd84e62e59f4a459169aba7e4
leaf.jpg,JPEG,158 kB,2019:06:22 06:21:46-07:00,2019:06:23 09:58:39-07:00,960x668,a6f3623580d9ee5a4f4d55f4a72d85c0759ceea6
photo-1500382017468-9049fed747ef.jpeg,JPEG,121 kB,2019:06:22 05:02:31-07:00,2019:06:23 09:58:42-07:00,1000x563,5590f25a979377d6e508b91a3146a81b163d5ab1
clean_7231623538_f51db2a35a_z.png,PNG,548 kB,2019:06:04 07:34:32-07:00,2019:06:23 09:39:03-07:00,640x427,7fb52c0a16d5c6888bae2e348f3640ac930d2be9
clean_7232202430_d38b6d6986_z.png,PNG,552 kB,2019:06:04 07:34:32-07:00,2019:06:23 09:39:03-07:00,640x424,475eaf5f02eae3b52c73f784e99b53fc9501757c
clean_7232220662_3d42c69109_z.png,PNG,540 kB,2019:06:04 07:34:32-07:00,2019:06:23 09:39:03-07:00,640x424,e852c25ef934a5e53b635517703363a0f0079208
clean_7234473324_bb8a82b5bd.png,PNG,223 kB,2019:06:04 07:34:32-07:00,2019:06:23 09:39:03-07:00,500x333,469a0940c7335df9dc6432bfda5500405bbe6521
clean_7222762386_2688184c8e.png,PNG,130 kB,2019:06:04 07:34:32-07:00,2019:06:23 09:39:03-07:00,276x500,0f2085044926200f654020dbf592a0383e1d4412
bottle2.jpeg,JPEG,5.8 kB,2019:06:22 05:20:38-07:00,2019:06:23 09:57:30-07:00,262x193,86781cb4c084a4653156079ed204db653e4b23cb
clean_7237798856_86870c8823_z.png,PNG,223 kB,2019:06:04 07:34:32-07:00,2019:06:23 09:39:03-07:00,640x431,397a3d29bec6b1784b4f8ddaba41d887d4a69ebb
rose-blue-flower-rose-blooms-67636.jpeg,JPEG,20 kB,2019:06:22 05:02:25-07:00,2019:06:23 09:58:44-07:00,500x331,73cbf7258f965e9f329f466d6afb2db840b22776
clean_7221186570_82a10bc040_z.png,PNG,387 kB,2019:06:04 07:34:32-07:00,2019:06:23 09:39:03-07:00,640x425,1fc669b6d26218b9ce38cad8724c88aee0fdb290
clean_7235558256_3099066753.png,PNG,340 kB,2019:06:04 07:34:32-07:00,2019:06:23 09:39:03-07:00,500x333,4292555889d75c92a0617dceb70e8fd38a9f7299
Farringdon_station_MMB_10_C-Stock.jpg,JPEG,2.8 MB,2019:06:10 13:57:49-07:00,2019:06:23 12:26:29-07:00,3822x2268,1f8cc0482d0a2269dd2eadf9086e58e4902636cb
clean_7232206610_b8cfded120_z.png,PNG,521 kB,2019:06:04 07:34:32-07:00,2019:06:23 09:39:03-07:00,640x424,5ba18909a2874f8468b7658c20781c468de83c97
demoimage.jpeg,JPEG,6.8 kB,2019:06:22 05:02:41-07:00,2019:06:23 09:58:36-07:00,355x142,02c655a82786fdc604763ba06290a9dfafd350b2
IMG_0265.JPG.jpg,JPEG,86 kB,2019:06:04 07:34:32-07:00,2019:06:23 09:39:03-07:00,1080x1080,204a008d0e05c95d505f0c2e1cebb63d2352067a
clean_7232193260_c2fd8c0f25_z.png,PNG,570 kB,2019:06:04 07:34:32-07:00,2019:06:23 09:39:03-07:00,640x424,ce40514161851d82a5ff2c5fe30bf98829f91816
clean_7228374452_8f743dc3d4_z.png,PNG,394 kB,2019:06:04 07:34:32-07:00,2019:06:23 09:39:03-07:00,640x427,eef8eed906f5436d536bf2cf1d7146aa3ad3711d
bottle.jpeg,JPEG,6.3 kB,2019:06:22 05:20:31-07:00,2019:06:23 09:57:29-07:00,273x184,baa9e51671dabb22542d1cd7344a63316c0d6cf8
clean_7235972310_8c25258da5.png,PNG,333 kB,2019:06:04 07:34:32-07:00,2019:06:23 09:39:03-07:00,500x333,87304a281094129d0feb991444956cfb77e527bd
bridge.jpeg,JPEG,12 kB,2019:06:22 06:21:40-07:00,2019:06:23 09:57:30-07:00,275x183,0c8a7b17bb015bb0abe33f7eb59a60ead85c90fe
IMG00007-20130311-0847.jpg_103818893548807.jpg,JPEG,380 kB,2019:06:04 07:34:32-07:00,2019:06:23 09:39:03-07:00,1600x1200,b559c85f0073b9ca461b279e69384ae9a49f138c
img_forest.jpg,JPEG,60 kB,2019:06:22 05:42:04-07:00,2019:06:23 09:58:38-07:00,600x400,f7b9d9abd2a643a885159e7c3ace49cff000c397
