filename,file_type,file_size,file_modify_date,file_access_date,dimensions,sha1_hash,steganography_present,steganography_algorithm,signature
IMG_20131127_103907.jpg.jpg,JPEG,93 kB,2019:09:09 15:14:32+01:00,2019:09:12 11:12:13+01:00,1080x1080,9db160a31160fc659ea4c432f271476cb0207b93,Yes,PixelKnot Steganography,ffe000104a464946000101000001
stego_6672542201_532f70bffe.png,PNG,359 kB,2019:09:09 15:14:32+01:00,2019:09:12 11:12:14+01:00,500x400,2b82523166071003f38d5e815cf0903486bd7ef2,No,None,
stego_6672542201_532f70bffe.png,PNG,359 kB,2019:09:09 15:14:32+01:00,2019:09:12 11:12:16+01:00,500x400,2b82523166071003f38d5e815cf0903486bd7ef2,No,None,
Sp_D_CRN_A_cha0077_pla0022_0382.jpg,JPEG,61 kB,2019:09:09 15:14:32+01:00,2019:09:12 11:12:14+01:00,384x256,7db30c8ab6b252ff48033d98c8922bb775e11efd,No,None,
20160113_132618.jpg_114458435818186.jpg,JPEG,420 kB,2019:09:09 15:14:32+01:00,2019:09:12 11:12:14+01:00,1536x2048,94d378ecbf6b715d40b3331d0efe5dec7229156a,No,None,
compromised_banner_pixelknot.jpg,JPEG,450 kB,2019:09:09 15:14:32+01:00,2019:09:12 11:12:14+01:00,1280x960,b2ae75b7d2bb1576989fbfaaee1e91320e62d319,Yes,PixelKnot Steganography,ffe000104a464946000101000001
red_tower_copy.png,PNG,7.9 MB,2019:09:09 15:14:32+01:00,2019:09:12 11:12:15+01:00,3264x2448,9975b50f0554052dd6292989327d96b8751f1f2b,No,None,
stego_6672108499_85c582a7f9.png,PNG,429 kB,2019:09:09 15:14:32+01:00,2019:09:12 11:12:15+01:00,500x357,ea316e4675129f6f1ccafe15852ee614033883de,No,None,
stego_6672108499_85c582a7f9.png,PNG,429 kB,2019:09:09 15:14:32+01:00,2019:09:12 11:12:16+01:00,500x357,ea316e4675129f6f1ccafe15852ee614033883de,No,None,
Pixelknot (6).jpg,JPEG,245 kB,2019:09:09 15:14:32+01:00,2019:09:12 11:12:15+01:00,1280x853,a7736d1cb50e700f415b6027bb634354c8badb83,Yes,PixelKnot Steganography,ffe000104a464946000101000001
clean_7228374452_8f743dc3d4_z.png,PNG,394 kB,2019:09:09 15:14:32+01:00,2019:09:12 11:12:15+01:00,640x427,eef8eed906f5436d536bf2cf1d7146aa3ad3711d,No,None,
clean_7228374452_8f743dc3d4_z.png,PNG,394 kB,2019:09:09 15:14:32+01:00,2019:09:12 11:12:19+01:00,640x427,eef8eed906f5436d536bf2cf1d7146aa3ad3711d,No,None,
clean_7235972310_8c25258da5.png,PNG,333 kB,2019:09:09 15:14:32+01:00,2019:09:12 11:12:15+01:00,500x333,87304a281094129d0feb991444956cfb77e527bd,No,None,
clean_7235972310_8c25258da5.png,PNG,333 kB,2019:09:09 15:14:32+01:00,2019:09:12 11:12:16+01:00,500x333,87304a281094129d0feb991444956cfb77e527bd,No,None,
clean_7235558256_3099066753.png,PNG,340 kB,2019:09:09 15:14:32+01:00,2019:09:12 11:12:15+01:00,500x333,4292555889d75c92a0617dceb70e8fd38a9f7299,No,None,
clean_7235558256_3099066753.png,PNG,340 kB,2019:09:09 15:14:32+01:00,2019:09:12 11:12:17+01:00,500x333,4292555889d75c92a0617dceb70e8fd38a9f7299,No,None,
stego_6666458261_e455d262b5_z.png,PNG,657 kB,2019:09:09 15:14:32+01:00,2019:09:12 11:12:16+01:00,640x480,a4e9ae0531324587e573e06bdffe2855eacd3897,No,None,
clean_7237798856_86870c8823_z.png,PNG,223 kB,2019:09:09 15:14:32+01:00,2019:09:12 11:12:16+01:00,640x431,397a3d29bec6b1784b4f8ddaba41d887d4a69ebb,No,None,
clean_7237798856_86870c8823_z.png,PNG,223 kB,2019:09:09 15:14:32+01:00,2019:09:12 11:12:19+01:00,640x431,397a3d29bec6b1784b4f8ddaba41d887d4a69ebb,No,None,
clean_7232202430_d38b6d6986_z.png,PNG,552 kB,2019:09:09 15:14:32+01:00,2019:09:12 11:12:16+01:00,640x424,475eaf5f02eae3b52c73f784e99b53fc9501757c,No,None,
leaf.jpg,JPEG,158 kB,2019:09:09 15:14:32+01:00,2019:09:12 11:12:16+01:00,960x668,a6f3623580d9ee5a4f4d55f4a72d85c0759ceea6,No,None,
clean_7232220662_3d42c69109_z.png,PNG,540 kB,2019:09:09 15:14:32+01:00,2019:09:12 11:12:17+01:00,640x424,e852c25ef934a5e53b635517703363a0f0079208,No,None,
rose-blue-flower-rose-blooms-67636.jpeg,JPEG,20 kB,2019:09:09 15:14:32+01:00,2019:09:12 11:12:17+01:00,500x331,73cbf7258f965e9f329f466d6afb2db840b22776,No,None,
how-to-become-a-hacker-735x400.jpg,JPEG,87 kB,2019:09:09 15:14:32+01:00,2019:09:12 11:12:17+01:00,735x400,c87f558b6128c42dd84e62e59f4a459169aba7e4,Yes,PixelKnot Steganography,ffe000104a464946000101000001
clean_7231623538_f51db2a35a_z.png,PNG,548 kB,2019:09:09 15:14:32+01:00,2019:09:12 11:12:17+01:00,640x427,7fb52c0a16d5c6888bae2e348f3640ac930d2be9,No,None,
clean_7221186570_82a10bc040_z.png,PNG,387 kB,2019:09:09 15:14:32+01:00,2019:09:12 11:12:17+01:00,640x425,1fc669b6d26218b9ce38cad8724c88aee0fdb290,No,None,
IMG_0265.JPG.jpg,JPEG,86 kB,2019:09:09 15:14:32+01:00,2019:09:12 11:12:17+01:00,1080x1080,204a008d0e05c95d505f0c2e1cebb63d2352067a,Yes,PixelKnot Steganography,ffe000104a464946000101000001
clean_7232206610_b8cfded120_z.png,PNG,521 kB,2019:09:09 15:14:32+01:00,2019:09:12 11:12:18+01:00,640x424,5ba18909a2874f8468b7658c20781c468de83c97,No,None,
bottle2.jpeg,JPEG,5.8 kB,2019:09:09 15:14:32+01:00,2019:09:12 11:12:18+01:00,262x193,86781cb4c084a4653156079ed204db653e4b23cb,Yes,PixelKnot Steganography,ffe000104a464946000101000001
IMG00007-20130311-0847.jpg_103818893548807.jpg,JPEG,380 kB,2019:09:09 15:14:32+01:00,2019:09:12 11:12:18+01:00,1600x1200,b559c85f0073b9ca461b279e69384ae9a49f138c,No,None,
bridge.jpeg,JPEG,12 kB,2019:09:09 15:14:32+01:00,2019:09:12 11:12:18+01:00,275x183,0c8a7b17bb015bb0abe33f7eb59a60ead85c90fe,Yes,PixelKnot Steganography,ffe000104a464946000101000001
Farringdon_station_MMB_10_C-Stock.jpg,JPEG,2.8 MB,2019:09:09 15:14:32+01:00,2019:09:12 11:12:18+01:00,3822x2268,1f8cc0482d0a2269dd2eadf9086e58e4902636cb,No,None,
clean_7234473324_bb8a82b5bd.png,PNG,223 kB,2019:09:09 15:14:32+01:00,2019:09:12 11:12:18+01:00,500x333,469a0940c7335df9dc6432bfda5500405bbe6521,No,None,
clean_7232193260_c2fd8c0f25_z.png,PNG,570 kB,2019:09:09 15:14:32+01:00,2019:09:12 11:12:18+01:00,640x424,ce40514161851d82a5ff2c5fe30bf98829f91816,No,None,
bottle.jpeg,JPEG,6.3 kB,2019:09:09 15:14:32+01:00,2019:09:12 11:12:19+01:00,273x184,baa9e51671dabb22542d1cd7344a63316c0d6cf8,Yes,PixelKnot Steganography,ffe000104a464946000101000001
photo-1500382017468-9049fed747ef.jpeg,JPEG,121 kB,2019:09:09 15:14:32+01:00,2019:09:12 11:12:19+01:00,1000x563,5590f25a979377d6e508b91a3146a81b163d5ab1,No,None,
img_forest.jpg,JPEG,60 kB,2019:09:09 15:14:32+01:00,2019:09:12 11:12:19+01:00,600x400,f7b9d9abd2a643a885159e7c3ace49cff000c397,Yes,PixelKnot Steganography,ffe000104a464946000101000001
compromised_banner_mcrypt.jpg,JPEG,5.4 MB,2019:09:09 15:14:32+01:00,2019:09:12 11:12:19+01:00,4032x3024,a06a0a89b823524691aa5fdc621e23a6a11f889d,No,None,
clean_7222762386_2688184c8e.png,PNG,130 kB,2019:09:09 15:14:32+01:00,2019:09:12 11:12:19+01:00,276x500,0f2085044926200f654020dbf592a0383e1d4412,No,None,
demoimage.jpeg,JPEG,6.8 kB,2019:09:09 15:14:32+01:00,2019:09:12 11:12:20+01:00,355x142,02c655a82786fdc604763ba06290a9dfafd350b2,Yes,PixelKnot Steganography,ffe000104a464946000101000001
