File Name,File Size,Image Size,File Type Extension,File Access Date,File Modify Date,SHA3 512 Hash,Date,UID
Pixelknot (1).jpg,296 kB,1280x853,jpg,2019:01:18 11:17:04+00:00,2016:12:21 03:44:36+00:00,abbdf861833825e7860361affa26b3de3049cb9dbac425099701bd8fd3da423210aee285a4ed8deba662776af32a0523702ed6d536475d8a29acc806f3f1ab57,2019:01:18 17:16:32,13ab511b093f3849629eaf89e4b95a47
Pixelknot (10).jpg,450 kB,1280x853,jpg,2019:01:18 11:17:04+00:00,2016:12:21 04:01:14+00:00,1c9497071ea633adb69544056c064884bbd046c6df6057145a5b7f670b94ef8b50b7d87a24bf725b8b021f6cf81b8ec64d40dd5b3ec77dae15b3cc65d51784e6,2019:01:18 17:16:32,27594615382e062d2a2bfff7e54405ed
Pixelknot (2).jpg,331 kB,1280x853,jpg,2019:01:18 11:17:04+00:00,2016:12:21 03:46:50+00:00,070ff5c02898be5a0b13e56801afbd8e5a1876e026a1d2edfe03f281067f410728ae8406cd990e995b02ac48220ddbf514188edb31444da9d7dc401c442463ee,2019:01:18 17:16:32,87c49f3ef25ca96c3c7995f1a28de9c9
Pixelknot (3).jpg,363 kB,1280x853,jpg,2019:01:18 11:17:04+00:00,2016:12:21 03:49:30+00:00,7d1280d261a13b9216f82e8a4d0dc2358ae062f42b05dd9e7e3c35b75786e10799069b445cb4d230a93f6a613e7679dc5841d1ed606bf16e39552d00568b6b6c,2019:01:18 17:16:32,5d02a004400fa0a25d7e5211645eeb46
Pixelknot (4).jpg,278 kB,1280x853,jpg,2019:01:18 11:17:04+00:00,2016:12:21 03:51:12+00:00,bc3511e51a86a9304d4638fa9ba928de3de449178e62bbca4be583163ad9eafa157cae5944765fa020367a8343c5e8e1afdbfed55ba33ce6b3fabf62f6754d5a,2019:01:18 17:16:32,b38ba9e88ef5e4d572c86f023c482d43
Pixelknot (5).jpg,200 kB,1280x853,jpg,2019:01:18 11:17:04+00:00,2016:12:21 03:52:50+00:00,789801721c67d237133026a8087e10a8d5791f4ba07025df60ed2d23aaa7b3c06f3b409ebe65477fa4418f636fca8aca489761e9a62353fa7994941514b71f36,2019:01:18 17:16:32,ab6f711719e88f9cdddade19660a5415
Pixelknot (6).jpg,245 kB,1280x853,jpg,2019:01:18 11:17:04+00:00,2016:12:21 03:54:48+00:00,c18f951387c7279888d7d8fde0219f33bb2970ddb60b98a3af95d69ba71cedb0f47c1e7f87713b76b91f95c61073d616b081a9afa36a00222996c628d0b3d93a,2019:01:18 17:16:32,8f2b02ebcf7b0794d88ad4b575947991
Pixelknot (7).jpg,267 kB,1280x853,jpg,2019:01:18 11:17:04+00:00,2016:12:21 03:56:34+00:00,219e4a347612b27fa5d4747e82b99ae54f0346205e62a439b3b93988ba5cbc82160ab669fc6a85d8791379ab89bf1c7a282bd4f7fdce5daf3cdadd9ed067846d,2019:01:18 17:16:32,d61d90e2747bd3822d2436397be0bcec
Pixelknot (8).jpg,320 kB,1280x853,jpg,2019:01:18 11:17:04+00:00,2016:12:21 03:57:52+00:00,7d3b1ecf748e4343f0689a588e987f93022a8dcd6a56eaefc5f1722811032fed9115f391348208a2c2b66b18991c11b1bd3bc4e217d86d0d2591c09a08aea631,2019:01:18 17:16:32,46614ca2745a0d8ea3a399afb1cb8292
Pixelknot (9).jpg,313 kB,1280x853,jpg,2019:01:18 11:17:04+00:00,2016:12:21 03:59:10+00:00,9351154af302bc2158a85b2103c3fef6184f149b5aa5bb9fa0b978ec567c1e1ad790cb95337fd61111e5e069910ddd51d748d0102036660006ea31695fbb1a8a,2019:01:18 17:16:32,62415a72b3b6209967b2befe884aa168
clean_7221186570_82a10bc040_z.png,387 kB,640x425,png,2019:01:18 11:17:04+00:00,2017:01:08 06:54:20+00:00,f4ebd7b160e650c14481e97d662665df9c8db5e93d7b3c66d24d4e933ed6b2a1467ac5644a6f0ec06b3a2450ab75b459c25bf5df9d8bfe4e1614d91a8c3cecc3,2019:01:18 17:16:32,307a588d0cbbd23c9d65132fedacb011
clean_7222762386_2688184c8e.png,130 kB,276x500,png,2019:01:18 11:17:04+00:00,2017:01:08 06:54:20+00:00,53e8f9fdbbb1fd4ae2861ef288061a8097fb70aae4c11bd9957fef76dbad26333017505dbb27056d136cc90892b146cb12b8bc87d78b1ddad4a72f7175f9c5f9,2019:01:18 17:16:32,c3487d38618aacf38001c2916f02f64f
clean_7228374452_8f743dc3d4_z.png,394 kB,640x427,png,2019:01:18 11:17:04+00:00,2017:01:08 06:54:20+00:00,beaf35848af93eb816f0ba565996ea9b4c0c0c0512aaf0888c1c542cdd77539d5a236ac9d79b769eb9fa8d9b42185e9efe629518b1fceaa17ebb0d4c2131f8d3,2019:01:18 17:16:32,ed595bfcf293856d65d2f5589878bb95
clean_7231623538_f51db2a35a_z.png,548 kB,640x427,png,2019:01:18 11:17:04+00:00,2017:01:08 06:54:20+00:00,dbb6e30def8c56be0878aee20ad459e4c4f1205e7d8327159349fe35e613f7b3a6a802cf13bed9830c91b246372992e227c2388374860ba64371e2db00cbe23f,2019:01:18 17:16:32,429e52e1d165a51523c5a4ca58a15ca4
clean_7232193260_c2fd8c0f25_z.png,570 kB,640x424,png,2019:01:18 11:17:04+00:00,2017:01:08 06:54:20+00:00,9407dd0e9527381944516bd7b717022914bd42dfe338d37416710037a3bc4a5fe85510d1b6f6feef8b230e7da745c3f01615963ee5ffa2c31166ddb5ee05515d,2019:01:18 17:16:32,0531e6b27e907ab7f9ddafe37ebb1f73
clean_7232202430_d38b6d6986_z.png,552 kB,640x424,png,2019:01:18 11:17:04+00:00,2017:01:08 06:54:20+00:00,ed33c0b143b474b87a7b3c41fae957ff5711072b89b57920895ef7f049687db8b47ee03781ee295f38db09f1fb6c1fecf59c6e53435479737912df0117f57494,2019:01:18 17:16:32,dac2b3dfd37c17773b8c1285b6b64e9c
clean_7232206610_b8cfded120_z.png,521 kB,640x424,png,2019:01:18 11:17:04+00:00,2017:01:08 06:54:20+00:00,825005b51feb2203645302080038d24535c04566e563e31fdde328bea7dff90baa6ed5e9ccb904d08f65c77153e2f695398a46c82422236ab62c2789d1e6ee91,2019:01:18 17:16:32,f27cc506998f2dbfdb5fe80924445a48
clean_7232220662_3d42c69109_z.png,540 kB,640x424,png,2019:01:18 11:17:04+00:00,2017:01:08 06:54:20+00:00,c84c5c0c56aeaf04bff0cbc6cae2d74c800156fed26afd33f2532929c0074686bfa92729daabafbe5948fe1eee5a3fb448af2c3c9dccc9f96eba2d6e23738426,2019:01:18 17:16:32,3e97f61c32850d1c4aff98e6fb4ae767
clean_7234473324_bb8a82b5bd.png,223 kB,500x333,png,2019:01:18 11:17:04+00:00,2017:01:08 06:54:20+00:00,e05c9e99b99b545af976ed472ddbe1212a1385ead4255e5d0c550141c075325f805dd9ff219efdf7911c1d575f0e1da591e4038d6395fa6425053d048ae7c35f,2019:01:18 17:16:32,d41c43684d05f633d31301fecf533175
clean_7235558256_3099066753.png,340 kB,500x333,png,2019:01:18 11:17:04+00:00,2017:01:08 06:54:20+00:00,4cf0619eead5929bbd45198224dcb9e4907cf0b5272998a775388ba3583de94d02863f272b7a12d99b544f5dc84af8a27ae665f476ea0d1067762b7af8764163,2019:01:18 17:16:32,0a2c70a93c50a0a8a195ad034da4235f
clean_7235972310_8c25258da5.png,333 kB,500x333,png,2019:01:18 11:17:04+00:00,2017:01:08 06:54:20+00:00,9cd54a22d44491c96738051aa9c3b25b7d5b2047cd9248217aef4119101af1009a0a29216c0b24eceaf3fb84c533a0dc1dd36c70533c89d6f3ef294b54323cbc,2019:01:18 17:16:32,87a23a4f42acec22d17af823775630c5
clean_7237798856_86870c8823_z.png,223 kB,640x431,png,2019:01:18 11:17:04+00:00,2017:01:08 06:54:20+00:00,971e622f626dc081d720af9d63ca0f61c018e7ac77c521ebae4c903ee5a4e719a42352c05f297062173bc7a5b9aba95fa86501224427a140bb6bd4e749b95684,2019:01:18 17:16:32,4ff4ccdb47c622ea33ced698fa6ecd7f
stego_6666458261_e455d262b5_z.png,657 kB,640x480,png,2019:01:18 11:17:04+00:00,2017:01:08 06:54:20+00:00,76c5db8e41d91b8f5834eb87d41dcdb6fa07228b19317fc1263b88f4f63c7d588185d7736d4d044e97a5fef32f6a7190f8eec566c23bb09d5821830cdb9e380e,2019:01:18 17:16:32,431e4f8a94059e9de69a12e157482032
stego_6672108499_85c582a7f9.png,429 kB,500x357,png,2019:01:18 11:17:04+00:00,2017:01:08 06:54:20+00:00,f4bd19fe0801c8b9f9ddb8d72f78820a8f35436287260896e66dd527ae2b1f9c5ac9a46bf6c9de250e69bb1ea034177d2898bc6ff4f26338908b7dd9fa182eb9,2019:01:18 17:16:32,200a11136e0adf4f2427b8e69a024157
stego_6672542201_532f70bffe.png,359 kB,500x400,png,2019:01:18 11:17:04+00:00,2017:01:08 06:54:20+00:00,16b9ac464cf3453aac682851ec3410b898db69dbb27c3e726fde6d2b028bebd909c29dd2c0dc98a97263255741a8c6501373ca7bdb5c92ea30a784f0c93b66c9,2019:01:18 17:16:32,afd3c68b225208390a5f4537f3dff045
