File Name,File Size,Image Size,File Type Extension,File Access Date,File Modify Date,SHA3 512 Hash,Date,UID,Steg_Algorithm,Steg_Present,Steg_Signature
Pixelknot (1).jpg,296 kB,1280x853,jpg,2019:01:18 22:17:10+00:00,2019:01:18 17:20:32+00:00,abbdf861833825e7860361affa26b3de3049cb9dbac425099701bd8fd3da423210aee285a4ed8deba662776af32a0523702ed6d536475d8a29acc806f3f1ab57,2019:01:18 22:17:10,67dc409bc731ab4f78c4e069a5f15866,Pixelknot Steganography,yes,ffe000104a464946000101000001
Pixelknot (10).jpg,450 kB,1280x853,jpg,2019:01:18 22:17:10+00:00,2019:01:18 17:20:32+00:00,1c9497071ea633adb69544056c064884bbd046c6df6057145a5b7f670b94ef8b50b7d87a24bf725b8b021f6cf81b8ec64d40dd5b3ec77dae15b3cc65d51784e6,2019:01:18 22:17:10,b1eab7c719ad36a97688726c8d83ebaa,Pixelknot Steganography,yes,ffe000104a464946000101000001
Pixelknot (2).jpg,331 kB,1280x853,jpg,2019:01:18 22:17:10+00:00,2019:01:18 17:20:32+00:00,070ff5c02898be5a0b13e56801afbd8e5a1876e026a1d2edfe03f281067f410728ae8406cd990e995b02ac48220ddbf514188edb31444da9d7dc401c442463ee,2019:01:18 22:17:10,46bac63649d0c3c4f368238ba4c0c289,Pixelknot Steganography,yes,ffe000104a464946000101000001
Pixelknot (3).jpg,363 kB,1280x853,jpg,2019:01:18 22:17:10+00:00,2019:01:18 17:20:32+00:00,7d1280d261a13b9216f82e8a4d0dc2358ae062f42b05dd9e7e3c35b75786e10799069b445cb4d230a93f6a613e7679dc5841d1ed606bf16e39552d00568b6b6c,2019:01:18 22:17:10,8ebf77550bb78988b545dd24c4310585,Pixelknot Steganography,yes,ffe000104a464946000101000001
Pixelknot (4).jpg,278 kB,1280x853,jpg,2019:01:18 22:17:10+00:00,2019:01:18 17:20:32+00:00,bc3511e51a86a9304d4638fa9ba928de3de449178e62bbca4be583163ad9eafa157cae5944765fa020367a8343c5e8e1afdbfed55ba33ce6b3fabf62f6754d5a,2019:01:18 22:17:10,e6b352db9669d70d22c08ec7e2758eb2,Pixelknot Steganography,yes,ffe000104a464946000101000001
Pixelknot (5).jpg,200 kB,1280x853,jpg,2019:01:18 22:17:10+00:00,2019:01:18 17:20:32+00:00,789801721c67d237133026a8087e10a8d5791f4ba07025df60ed2d23aaa7b3c06f3b409ebe65477fa4418f636fca8aca489761e9a62353fa7994941514b71f36,2019:01:18 22:17:10,1ecde4b2c19e2207b04e95f719d6a23c,Pixelknot Steganography,yes,ffe000104a464946000101000001
Pixelknot (6).jpg,245 kB,1280x853,jpg,2019:01:18 22:17:10+00:00,2019:01:18 17:20:32+00:00,c18f951387c7279888d7d8fde0219f33bb2970ddb60b98a3af95d69ba71cedb0f47c1e7f87713b76b91f95c61073d616b081a9afa36a00222996c628d0b3d93a,2019:01:18 22:17:10,4dd3759a64bdff9d6d006e2ea1a4c51d,Pixelknot Steganography,yes,ffe000104a464946000101000001
Pixelknot (7).jpg,267 kB,1280x853,jpg,2019:01:18 22:17:10+00:00,2019:01:18 17:20:32+00:00,219e4a347612b27fa5d4747e82b99ae54f0346205e62a439b3b93988ba5cbc82160ab669fc6a85d8791379ab89bf1c7a282bd4f7fdce5daf3cdadd9ed067846d,2019:01:18 22:17:10,63ebdde590ea54dd723d5c02ac2ae56c,Pixelknot Steganography,yes,ffe000104a464946000101000001
Pixelknot (8).jpg,320 kB,1280x853,jpg,2019:01:18 22:17:10+00:00,2019:01:18 17:20:32+00:00,7d3b1ecf748e4343f0689a588e987f93022a8dcd6a56eaefc5f1722811032fed9115f391348208a2c2b66b18991c11b1bd3bc4e217d86d0d2591c09a08aea631,2019:01:18 22:17:10,df2c236d9ef4e1edb7939551c1dacf45,Pixelknot Steganography,yes,ffe000104a464946000101000001
Pixelknot (9).jpg,313 kB,1280x853,jpg,2019:01:18 22:17:10+00:00,2019:01:18 17:20:32+00:00,9351154af302bc2158a85b2103c3fef6184f149b5aa5bb9fa0b978ec567c1e1ad790cb95337fd61111e5e069910ddd51d748d0102036660006ea31695fbb1a8a,2019:01:18 22:17:10,b8957b5e0d63ffefbd13bc0866b5a430,Pixelknot Steganography,yes,ffe000104a464946000101000001
clean_7221186570_82a10bc040_z.png,387 kB,640x425,png,2019:01:18 22:17:10+00:00,2019:01:18 17:20:32+00:00,f4ebd7b160e650c14481e97d662665df9c8db5e93d7b3c66d24d4e933ed6b2a1467ac5644a6f0ec06b3a2450ab75b459c25bf5df9d8bfe4e1614d91a8c3cecc3,2019:01:18 22:17:10,299690f43f84cfbfb7231218f3f57e4b,None,None,None
clean_7222762386_2688184c8e.png,130 kB,276x500,png,2019:01:18 22:17:10+00:00,2019:01:18 17:20:32+00:00,53e8f9fdbbb1fd4ae2861ef288061a8097fb70aae4c11bd9957fef76dbad26333017505dbb27056d136cc90892b146cb12b8bc87d78b1ddad4a72f7175f9c5f9,2019:01:18 22:17:10,4772ea2485a60d847bf1eda92244d645,None,None,None
clean_7228374452_8f743dc3d4_z.png,394 kB,640x427,png,2019:01:18 22:17:10+00:00,2019:01:18 17:20:32+00:00,beaf35848af93eb816f0ba565996ea9b4c0c0c0512aaf0888c1c542cdd77539d5a236ac9d79b769eb9fa8d9b42185e9efe629518b1fceaa17ebb0d4c2131f8d3,2019:01:18 22:17:10,46b572fd497aff54d7f4291e27274251,None,None,None
clean_7231623538_f51db2a35a_z.png,548 kB,640x427,png,2019:01:18 22:17:10+00:00,2019:01:18 17:20:32+00:00,dbb6e30def8c56be0878aee20ad459e4c4f1205e7d8327159349fe35e613f7b3a6a802cf13bed9830c91b246372992e227c2388374860ba64371e2db00cbe23f,2019:01:18 22:17:10,959dfc59847c8b051fb4a4d5aea98836,None,None,None
clean_7232193260_c2fd8c0f25_z.png,570 kB,640x424,png,2019:01:18 22:17:10+00:00,2019:01:18 17:20:32+00:00,9407dd0e9527381944516bd7b717022914bd42dfe338d37416710037a3bc4a5fe85510d1b6f6feef8b230e7da745c3f01615963ee5ffa2c31166ddb5ee05515d,2019:01:18 22:17:10,ba62acc48bea841383f2eff21d8b104c,None,None,None
clean_7232202430_d38b6d6986_z.png,552 kB,640x424,png,2019:01:18 22:17:10+00:00,2019:01:18 17:20:32+00:00,ed33c0b143b474b87a7b3c41fae957ff5711072b89b57920895ef7f049687db8b47ee03781ee295f38db09f1fb6c1fecf59c6e53435479737912df0117f57494,2019:01:18 22:17:10,db608dfe2755c37f14877acfe488253a,None,None,None
clean_7232206610_b8cfded120_z.png,521 kB,640x424,png,2019:01:18 22:17:10+00:00,2019:01:18 17:20:32+00:00,825005b51feb2203645302080038d24535c04566e563e31fdde328bea7dff90baa6ed5e9ccb904d08f65c77153e2f695398a46c82422236ab62c2789d1e6ee91,2019:01:18 22:17:10,e9f4fba9c530c8cdd7efa5024e77b331,None,None,None
clean_7232220662_3d42c69109_z.png,540 kB,640x424,png,2019:01:18 22:17:10+00:00,2019:01:18 17:20:32+00:00,c84c5c0c56aeaf04bff0cbc6cae2d74c800156fed26afd33f2532929c0074686bfa92729daabafbe5948fe1eee5a3fb448af2c3c9dccc9f96eba2d6e23738426,2019:01:18 22:17:10,2aabe41eeb35bdc6f458655365fc75d7,None,None,None
clean_7234473324_bb8a82b5bd.png,223 kB,500x333,png,2019:01:18 22:17:10+00:00,2019:01:18 17:20:32+00:00,e05c9e99b99b545af976ed472ddbe1212a1385ead4255e5d0c550141c075325f805dd9ff219efdf7911c1d575f0e1da591e4038d6395fa6425053d048ae7c35f,2019:01:18 22:17:10,a90a489bba4ad39bfa8f7a1ab43b4aaf,None,None,None
clean_7235558256_3099066753.png,340 kB,500x333,png,2019:01:18 22:17:10+00:00,2019:01:18 17:20:32+00:00,4cf0619eead5929bbd45198224dcb9e4907cf0b5272998a775388ba3583de94d02863f272b7a12d99b544f5dc84af8a27ae665f476ea0d1067762b7af8764163,2019:01:18 22:17:10,8274f9ca6f5e0ade7999cad0ed2c6fba,None,None,None
clean_7235972310_8c25258da5.png,333 kB,500x333,png,2019:01:18 22:17:10+00:00,2019:01:18 17:20:32+00:00,9cd54a22d44491c96738051aa9c3b25b7d5b2047cd9248217aef4119101af1009a0a29216c0b24eceaf3fb84c533a0dc1dd36c70533c89d6f3ef294b54323cbc,2019:01:18 22:17:10,a7b6bd78aec6bf269a090f55961c0331,None,None,None
clean_7237798856_86870c8823_z.png,223 kB,640x431,png,2019:01:18 22:17:10+00:00,2019:01:18 17:20:32+00:00,971e622f626dc081d720af9d63ca0f61c018e7ac77c521ebae4c903ee5a4e719a42352c05f297062173bc7a5b9aba95fa86501224427a140bb6bd4e749b95684,2019:01:18 22:17:10,6998ea76aeffba0f5422b00ba6adc128,None,None,None
stego_6666458261_e455d262b5_z.png,657 kB,640x480,png,2019:01:18 22:17:10+00:00,2019:01:18 17:20:32+00:00,76c5db8e41d91b8f5834eb87d41dcdb6fa07228b19317fc1263b88f4f63c7d588185d7736d4d044e97a5fef32f6a7190f8eec566c23bb09d5821830cdb9e380e,2019:01:18 22:17:10,073a8c8fb3f6ddd9f49c802c0e465c75,None,None,None
stego_6672108499_85c582a7f9.png,429 kB,500x357,png,2019:01:18 22:17:10+00:00,2019:01:18 17:20:32+00:00,f4bd19fe0801c8b9f9ddb8d72f78820a8f35436287260896e66dd527ae2b1f9c5ac9a46bf6c9de250e69bb1ea034177d2898bc6ff4f26338908b7dd9fa182eb9,2019:01:18 22:17:10,a960fb8e569a989784411915f2099795,None,None,None
stego_6672542201_532f70bffe.png,359 kB,500x400,png,2019:01:18 22:17:10+00:00,2019:01:18 17:20:32+00:00,16b9ac464cf3453aac682851ec3410b898db69dbb27c3e726fde6d2b028bebd909c29dd2c0dc98a97263255741a8c6501373ca7bdb5c92ea30a784f0c93b66c9,2019:01:18 22:17:10,87e7a681e58fdff15e10d11bd951695a,None,None,None
